"name","birthday","education.classes.description","education.classes.from.id","education.classes.from.name","education.classes.id","education.classes.name","education.classes.with.id","education.classes.with.name","education.concentration.id","education.concentration.name","education.degree.id","education.degree.name","education.school.id","education.school.name","education.type","education.with.id","education.with.name","education.year.id","education.year.name","first_name","gender","hometown.id","hometown.name","id","languages.id","languages.name","last_name","locale","location","location.id","location.name","middle_name","name.1","political","religion","work.description","work.employer.id","work.employer.name","work.end_date","work.from.id","work.from.name","work.location.id","work.location.name","work.position.id","work.position.name","work.projects.description","work.projects.end_date","work.projects.from.id","work.projects.from.name","work.projects.id","work.projects.name","work.projects.start_date","work.projects.with.id","work.projects.with.name","work.start_date","work.with.id","work.with.name"
27022,6971,NA,NA,NA,NA,NA,NA,NA,5591,5367,2,2,844,815,2,NA,NA,29,25,457,0,4623,4609,27022,NA,NA,7396,1,NA,1220,1213,NA,26789,11,NA,NA,18695,17964,NA,NA,NA,NA,NA,409,400,NA,NA,NA,NA,NA,NA,NA,NA,NA,35,NA,NA
27023,810,NA,NA,NA,NA,NA,NA,NA,NA,NA,2,2,2835,2700,1,NA,NA,27,23,456,0,2406,2397,27023,40,35,9064,1,NA,263,263,NA,26790,NA,NA,NA,18698,17967,5,NA,NA,NA,NA,8064,7858,NA,NA,NA,NA,NA,NA,NA,NA,NA,2,NA,NA
27024,688,NA,NA,NA,NA,NA,NA,NA,NA,NA,2,2,22096,20735,2,NA,NA,4,4,955,1,4624,4610,27024,NA,NA,10508,1,NA,384,382,NA,26791,NA,NA,NA,8519,8261,22,NA,NA,1615,1593,122,118,NA,NA,NA,NA,NA,NA,NA,NA,NA,54,NA,NA
27025,366,NA,NA,NA,NA,NA,NA,NA,301,288,314,306,22096,20735,2,NA,NA,0,0,2086,0,4625,4611,27025,NA,NA,16844,1,NA,1536,1529,NA,26792,NA,NA,NA,798,788,NA,NA,NA,1221,1204,NA,NA,NA,NA,NA,NA,NA,NA,NA,NA,NA,2,NA,NA
27026,NA,NA,NA,NA,NA,NA,NA,NA,2548,2441,2,2,22099,20738,2,NA,NA,0,0,2116,0,NA,NA,27026,NA,NA,16845,1,NA,185,185,NA,26793,NA,NA,NA,NA,NA,NA,NA,NA,NA,NA,NA,NA,NA,NA,NA,NA,NA,NA,NA,NA,NA,NA,NA,NA
27027,585,NA,NA,NA,NA,NA,NA,NA,NA,NA,NA,NA,22100,20739,2,NA,NA,6,2,103,0,NA,NA,27027,NA,NA,198,1,NA,624,618,NA,26794,NA,NA,NA,18699,17968,NA,NA,NA,NA,NA,NA,NA,NA,NA,NA,NA,NA,NA,NA,NA,NA,NA,NA,NA
27028,NA,NA,NA,NA,NA,NA,NA,NA,NA,NA,NA,NA,NA,NA,NA,NA,NA,NA,NA,109,0,NA,NA,27028,NA,NA,5486,1,NA,NA,NA,NA,26795,NA,NA,NA,NA,NA,NA,NA,NA,NA,NA,NA,NA,NA,NA,NA,NA,NA,NA,NA,NA,NA,NA,NA,NA
27029,1989,NA,NA,NA,NA,NA,NA,NA,5594,5370,386,377,22096,20735,2,NA,NA,0,0,9210,1,3288,3275,27029,NA,NA,12791,1,NA,185,185,1758,26796,NA,NA,4657,18701,17970,109,NA,NA,695,682,334,326,NA,NA,NA,NA,NA,NA,NA,NA,NA,67,NA,NA
27030,NA,NA,NA,NA,675,659,NA,NA,5596,5372,1395,1373,22106,20745,2,NA,NA,50,15,130,0,529,526,27030,227,178,4017,1,NA,624,618,NA,26797,NA,NA,4658,18703,17971,4,NA,NA,572,561,8067,7861,NA,NA,NA,NA,NA,NA,NA,NA,NA,3,NA,NA
27031,6780,NA,NA,NA,NA,NA,NA,NA,NA,NA,2,2,22100,20739,2,NA,NA,6,2,3464,0,4626,4612,27031,NA,NA,9235,1,NA,185,185,NA,26798,NA,NA,NA,18704,17972,NA,NA,NA,695,682,364,356,NA,NA,NA,NA,NA,NA,NA,NA,NA,2,NA,NA
27032,NA,NA,NA,NA,NA,NA,NA,NA,NA,NA,NA,NA,NA,NA,NA,NA,NA,NA,NA,916,0,NA,NA,27032,NA,NA,16846,1,NA,NA,NA,NA,26799,NA,NA,NA,NA,NA,NA,NA,NA,NA,NA,NA,NA,NA,NA,NA,NA,NA,NA,NA,NA,NA,NA,NA,NA
27033,6431,NA,NA,NA,NA,NA,NA,NA,129,128,2,2,22096,20735,2,NA,NA,9,8,447,0,4627,4613,27033,NA,NA,16847,1,NA,1220,1213,NA,26800,NA,NA,4659,18705,17973,5,NA,NA,NA,NA,NA,NA,NA,NA,NA,NA,NA,NA,NA,NA,NA,69,NA,NA
27034,579,NA,NA,NA,NA,NA,NA,NA,300,287,1397,1375,1041,25,2,NA,NA,4,4,362,1,NA,NA,27034,NA,NA,16848,1,NA,185,185,NA,26801,NA,NA,NA,18706,17974,5,NA,NA,NA,NA,481,468,NA,NA,NA,NA,NA,NA,NA,NA,NA,6,NA,NA
27035,NA,NA,NA,NA,NA,NA,NA,NA,NA,NA,NA,NA,NA,NA,NA,NA,NA,NA,NA,60,0,NA,NA,27035,NA,NA,5096,1,NA,NA,NA,NA,26802,NA,NA,NA,NA,NA,NA,NA,NA,NA,NA,NA,NA,NA,NA,NA,NA,NA,NA,NA,NA,NA,NA,NA,NA
27036,412,NA,NA,NA,NA,NA,NA,NA,105,105,2,2,22096,20735,2,NA,NA,15,13,2295,1,4628,4614,27036,NA,NA,16849,1,NA,58,58,NA,26803,NA,NA,NA,18709,17977,75,NA,NA,2445,2406,8069,7863,NA,NA,NA,NA,NA,NA,NA,NA,NA,194,NA,NA
27037,674,NA,NA,NA,NA,NA,NA,NA,NA,NA,NA,NA,NA,NA,NA,NA,NA,NA,NA,6458,1,NA,NA,27037,NA,NA,16850,1,NA,NA,NA,NA,26804,NA,NA,NA,NA,NA,NA,NA,NA,NA,NA,NA,NA,NA,NA,NA,NA,NA,NA,NA,NA,NA,NA,NA,NA
27038,NA,NA,NA,NA,NA,NA,NA,NA,NA,NA,NA,NA,NA,NA,NA,NA,NA,NA,NA,5993,1,NA,NA,27038,NA,NA,16851,1,NA,NA,NA,974,26805,NA,NA,NA,NA,NA,NA,NA,NA,NA,NA,NA,NA,NA,NA,NA,NA,NA,NA,NA,NA,NA,NA,NA,NA
27039,224,NA,NA,NA,NA,NA,NA,NA,499,382,NA,NA,22100,20739,2,NA,NA,9,8,524,0,2673,2663,27039,NA,NA,16852,1,NA,624,618,NA,26806,NA,NA,NA,18710,17978,NA,NA,NA,NA,NA,NA,NA,NA,NA,NA,NA,NA,NA,NA,NA,NA,NA,NA,NA
27040,NA,NA,NA,NA,NA,NA,NA,NA,NA,NA,NA,NA,NA,NA,NA,NA,NA,NA,NA,280,0,NA,NA,27040,NA,NA,16853,1,NA,185,185,NA,26807,NA,NA,NA,NA,NA,NA,NA,NA,NA,NA,NA,NA,NA,NA,NA,NA,NA,NA,NA,NA,NA,NA,NA,NA
27041,310,NA,NA,NA,NA,NA,NA,NA,159,156,2,2,22096,20735,2,NA,NA,NA,NA,3561,1,293,293,27041,NA,NA,16854,1,NA,3240,3227,NA,26808,NA,NA,4660,18711,17979,5,NA,NA,2446,2407,8073,7867,NA,NA,NA,NA,NA,NA,NA,NA,NA,2,NA,NA
27042,993,NA,NA,NA,NA,NA,NA,NA,5599,5375,1398,1376,22114,20751,2,NA,NA,8,7,8787,0,527,524,27042,NA,NA,5008,1,NA,185,185,NA,26809,NA,NA,4663,18721,17989,118,NA,NA,695,682,8079,7873,NA,NA,NA,NA,NA,NA,NA,NA,NA,201,NA,NA
27043,6972,NA,NA,NA,NA,NA,NA,NA,105,105,NA,NA,22096,20735,2,NA,NA,0,0,3557,0,NA,NA,27043,NA,NA,16855,1,NA,185,185,NA,26810,NA,NA,NA,6835,1860,34,NA,NA,NA,NA,NA,NA,NA,NA,NA,NA,NA,NA,NA,NA,NA,97,NA,NA
27044,220,NA,NA,NA,NA,NA,NA,NA,5602,5378,26,26,22118,20755,2,NA,NA,17,15,9211,0,1415,1409,27044,152,124,16856,1,NA,1760,1753,NA,26811,NA,NA,NA,18724,17992,NA,NA,NA,2447,2408,8080,7874,NA,NA,NA,NA,NA,NA,NA,NA,NA,2,NA,NA
27045,231,NA,NA,NA,NA,NA,NA,NA,289,276,2,2,22096,20735,2,4756,4731,0,0,5993,1,NA,NA,27045,303,234,950,1,NA,NA,NA,NA,26812,NA,NA,NA,NA,NA,NA,NA,NA,NA,NA,NA,NA,NA,NA,NA,NA,NA,NA,NA,NA,NA,NA,NA,NA
27046,NA,NA,NA,NA,NA,NA,NA,NA,NA,NA,NA,NA,NA,NA,NA,NA,NA,NA,NA,177,1,NA,NA,27046,NA,NA,16857,1,NA,NA,NA,NA,26813,NA,NA,NA,NA,NA,NA,NA,NA,NA,NA,NA,NA,NA,NA,NA,NA,NA,NA,NA,NA,NA,NA,NA,NA
27047,NA,NA,NA,NA,NA,NA,NA,NA,NA,NA,NA,NA,NA,NA,NA,NA,NA,NA,NA,404,1,NA,NA,27047,NA,NA,16858,1,NA,NA,NA,NA,26814,NA,NA,NA,NA,NA,NA,NA,NA,NA,NA,NA,NA,NA,NA,NA,NA,NA,NA,NA,NA,NA,NA,NA,NA
27048,NA,NA,NA,NA,NA,NA,NA,NA,NA,NA,NA,NA,NA,NA,NA,NA,NA,NA,NA,158,0,NA,NA,27048,NA,NA,513,1,NA,NA,NA,NA,10265,NA,NA,NA,NA,NA,NA,NA,NA,NA,NA,NA,NA,NA,NA,NA,NA,NA,NA,NA,NA,NA,NA,NA,NA
27049,550,NA,NA,NA,NA,NA,NA,NA,2218,2114,33,32,22100,20739,2,4757,4732,6,2,440,1,4629,4615,27049,413,319,16859,1,NA,8,8,NA,26815,NA,NA,NA,18729,17996,68,NA,NA,1845,1820,8084,7878,NA,NA,NA,NA,NA,NA,NA,NA,NA,17,NA,NA
27050,NA,NA,NA,NA,NA,NA,NA,NA,NA,NA,NA,NA,NA,NA,NA,NA,NA,NA,NA,9212,0,NA,NA,27050,NA,NA,5240,1,NA,NA,NA,NA,26816,NA,NA,NA,NA,NA,NA,NA,NA,NA,NA,NA,NA,NA,NA,NA,NA,NA,NA,NA,NA,NA,NA,NA,NA
27051,6973,NA,NA,NA,NA,NA,NA,NA,5604,5380,NA,NA,5440,5178,2,NA,NA,7,6,2068,0,NA,NA,27051,NA,NA,1952,1,NA,185,185,NA,26817,NA,NA,NA,18695,17964,5,NA,NA,NA,NA,2906,2812,NA,NA,NA,NA,NA,NA,NA,NA,NA,2,NA,NA
27052,1414,NA,NA,NA,NA,NA,NA,NA,NA,NA,NA,NA,22100,20739,2,NA,NA,1,1,449,0,1929,1920,27052,NA,NA,2236,1,NA,624,618,NA,26818,NA,NA,NA,NA,NA,NA,NA,NA,NA,NA,NA,NA,NA,NA,NA,NA,NA,NA,NA,NA,NA,NA,NA,NA
27053,NA,NA,NA,NA,NA,NA,NA,NA,468,435,36,35,22096,20735,2,NA,NA,23,19,3632,0,4630,4616,27053,NA,NA,16860,1,NA,NA,NA,NA,26819,NA,NA,NA,NA,NA,NA,NA,NA,NA,NA,NA,NA,NA,NA,NA,NA,NA,NA,NA,NA,NA,NA,NA,NA
27054,654,NA,NA,NA,NA,NA,NA,NA,NA,NA,NA,NA,NA,NA,NA,NA,NA,NA,NA,25,1,NA,NA,27054,17,11,16861,1,NA,NA,NA,NA,26820,NA,NA,NA,NA,NA,NA,NA,NA,NA,NA,NA,NA,NA,NA,NA,NA,NA,NA,NA,NA,NA,NA,NA,NA
27055,NA,NA,NA,NA,NA,NA,NA,NA,NA,NA,NA,NA,NA,NA,NA,NA,NA,NA,NA,1700,1,NA,NA,27055,NA,NA,16862,1,NA,NA,NA,NA,26821,NA,NA,NA,NA,NA,NA,NA,NA,NA,NA,NA,NA,NA,NA,NA,NA,NA,NA,NA,NA,NA,NA,NA,NA
27056,NA,NA,NA,NA,NA,NA,NA,NA,NA,NA,NA,NA,NA,NA,NA,NA,NA,NA,NA,571,1,NA,NA,27056,NA,NA,16863,1,NA,624,618,NA,26822,NA,NA,NA,NA,NA,NA,NA,NA,NA,NA,NA,NA,NA,NA,NA,NA,NA,NA,NA,NA,NA,NA,NA,NA
27057,NA,NA,NA,NA,NA,NA,NA,NA,NA,NA,NA,NA,NA,NA,NA,NA,NA,NA,NA,1656,NA,NA,NA,27057,NA,NA,16864,1,NA,NA,NA,NA,26823,NA,NA,NA,NA,NA,NA,NA,NA,NA,NA,NA,NA,NA,NA,NA,NA,NA,NA,NA,NA,NA,NA,NA,NA
27058,NA,NA,NA,NA,NA,NA,NA,NA,105,105,43,41,22096,20735,2,NA,NA,0,0,3473,0,NA,NA,27058,17,11,16865,1,NA,1209,1202,NA,26824,NA,NA,NA,4215,4129,4,NA,NA,1759,1734,8085,7879,NA,NA,NA,NA,NA,NA,NA,NA,NA,31,NA,NA
27059,NA,NA,NA,NA,NA,NA,NA,NA,NA,NA,NA,NA,NA,NA,NA,NA,NA,NA,NA,1698,0,NA,NA,27059,NA,NA,16866,1,NA,NA,NA,NA,26825,NA,NA,NA,NA,NA,NA,NA,NA,NA,NA,NA,NA,NA,NA,NA,NA,NA,NA,NA,NA,NA,NA,NA,NA
27060,NA,NA,NA,NA,NA,NA,NA,NA,NA,NA,NA,NA,22096,20735,2,4758,4733,NA,NA,4077,1,NA,NA,27060,NA,NA,2864,1,NA,185,185,NA,26826,NA,NA,4664,18695,17964,5,NA,NA,1615,1593,8086,7880,NA,NA,NA,NA,NA,NA,NA,NA,NA,35,NA,NA
27061,69,NA,NA,NA,NA,NA,NA,NA,289,276,2,2,22096,20735,2,NA,NA,20,15,9213,0,794,789,27061,NA,NA,2785,1,NA,3241,3228,NA,26827,NA,NA,NA,18699,17968,20,NA,NA,964,947,8087,664,NA,NA,NA,NA,NA,NA,NA,NA,NA,44,NA,NA
27062,5310,NA,NA,NA,NA,NA,NA,NA,5606,5382,2,2,22105,20744,2,NA,NA,17,15,449,0,4631,4617,27062,NA,NA,16867,1,NA,185,185,NA,26828,NA,NA,NA,10180,9851,8,NA,NA,695,682,8092,7885,NA,NA,NA,NA,NA,NA,NA,NA,NA,81,NA,NA
27063,NA,NA,NA,NA,NA,NA,NA,NA,NA,NA,NA,NA,NA,NA,NA,NA,NA,NA,NA,644,0,NA,NA,27063,NA,NA,16868,1,NA,624,618,NA,26829,NA,NA,NA,NA,NA,NA,NA,NA,NA,NA,NA,NA,NA,NA,NA,NA,NA,NA,NA,NA,NA,NA,NA,NA
27064,3820,NA,NA,NA,NA,NA,NA,NA,233,210,2,2,22096,20735,2,NA,NA,4,4,9214,0,4632,4618,27064,2,2,16869,1,NA,2156,2147,NA,26830,NA,NA,NA,18734,18001,30,NA,NA,1029,1012,8095,7888,NA,NA,NA,NA,NA,NA,NA,NA,NA,132,NA,NA
27065,1919,NA,NA,NA,NA,NA,NA,NA,NA,NA,2,2,22096,20735,2,NA,NA,2,2,449,0,3076,3066,27065,11,11,2912,1,NA,624,618,NA,26831,NA,NA,NA,18738,18005,68,NA,NA,2449,2410,1332,1273,NA,NA,NA,NA,NA,NA,NA,NA,NA,26,NA,NA
27066,1548,NA,NA,NA,NA,NA,NA,NA,289,276,NA,NA,844,815,2,NA,NA,8,7,5395,0,NA,NA,27066,NA,NA,16870,1,NA,616,610,NA,26832,NA,NA,NA,2336,2297,NA,NA,NA,NA,NA,2906,2812,NA,NA,NA,NA,NA,NA,NA,NA,NA,NA,NA,NA
27067,163,NA,NA,NA,NA,NA,NA,NA,5607,5383,2,2,22096,20735,2,NA,NA,8,7,4338,1,4633,4619,27067,2,2,16871,1,NA,8,8,NA,26833,NA,NA,NA,18742,18008,74,433,433,153,153,8100,7893,NA,NA,NA,NA,NA,NA,NA,NA,NA,115,1634,1634
27068,2671,NA,NA,NA,NA,NA,NA,NA,68,68,NA,NA,22096,20735,1,NA,NA,NA,NA,86,0,1908,1899,27068,NA,NA,2934,1,NA,NA,NA,NA,26834,NA,NA,NA,NA,NA,NA,NA,NA,NA,NA,NA,NA,NA,NA,NA,NA,NA,NA,NA,NA,NA,NA,NA,NA
27069,6974,NA,NA,NA,NA,NA,NA,NA,NA,NA,2,2,22096,20735,2,NA,NA,4,4,9215,0,NA,NA,27069,NA,NA,16872,1,NA,185,185,NA,26835,NA,NA,NA,18743,18009,5,NA,NA,NA,NA,3561,3453,NA,NA,NA,NA,NA,NA,NA,NA,NA,2,NA,NA
27070,680,NA,NA,NA,NA,NA,NA,NA,289,276,29,29,8670,8227,2,NA,NA,1,1,9216,1,NA,NA,27070,NA,NA,1945,1,NA,NA,NA,NA,26836,NA,NA,NA,NA,NA,NA,NA,NA,NA,NA,NA,NA,NA,NA,NA,NA,NA,NA,NA,NA,NA,NA,NA,NA
27071,1321,NA,NA,NA,NA,NA,NA,NA,747,142,493,484,22096,20735,2,4758,4733,19,16,9217,0,125,125,27071,NA,NA,16873,1,NA,112,112,NA,26837,NA,NA,4666,18745,18011,67,NA,NA,2450,2411,8101,7894,NA,NA,NA,NA,NA,NA,NA,NA,NA,62,NA,NA
27072,NA,NA,NA,NA,NA,NA,NA,NA,1976,1876,2,2,22096,20735,2,NA,NA,0,0,361,1,NA,NA,27072,NA,NA,674,1,NA,185,185,NA,26838,NA,NA,4667,18748,18014,172,NA,NA,956,939,8104,7897,NA,NA,NA,NA,NA,NA,NA,NA,NA,281,NA,NA
27073,NA,NA,NA,NA,NA,NA,NA,NA,NA,NA,NA,NA,NA,NA,NA,NA,NA,NA,NA,909,0,NA,NA,27073,NA,NA,935,1,NA,NA,NA,NA,26839,NA,NA,NA,NA,NA,NA,NA,NA,NA,NA,NA,NA,NA,NA,NA,NA,NA,NA,NA,NA,NA,NA,NA,NA
27074,901,NA,NA,NA,83,79,NA,NA,279,268,2,2,844,815,2,4760,4735,30,26,463,1,317,317,27074,0,0,6856,1,NA,104,104,1759,26840,NA,NA,NA,18749,18015,5,NA,NA,353,344,8069,7863,NA,NA,NA,NA,NA,NA,NA,NA,NA,107,NA,NA
27075,1414,NA,NA,NA,NA,NA,NA,NA,129,128,NA,NA,22100,20739,2,NA,NA,2,2,9218,0,1415,1409,27075,828,656,16874,1,NA,624,618,NA,26841,NA,NA,NA,18699,17968,170,NA,NA,2447,2408,531,516,NA,NA,NA,NA,NA,NA,NA,NA,NA,96,NA,NA
27076,NA,NA,NA,NA,NA,NA,NA,NA,NA,NA,NA,NA,NA,NA,NA,NA,NA,NA,NA,96,0,NA,NA,27076,NA,NA,16875,1,NA,3242,3229,NA,26842,NA,NA,NA,NA,NA,NA,NA,NA,NA,NA,NA,NA,NA,NA,NA,NA,NA,NA,NA,NA,NA,NA,NA,NA
27077,1436,NA,NA,NA,NA,NA,NA,NA,105,105,NA,NA,844,815,1,NA,NA,29,25,6841,1,4634,4620,27077,NA,NA,16876,2,NA,364,362,NA,26843,NA,NA,NA,11522,555,NA,NA,NA,NA,NA,NA,NA,NA,NA,NA,NA,NA,NA,NA,NA,NA,NA,NA,NA
27078,NA,NA,NA,NA,NA,NA,NA,NA,20,20,NA,NA,22096,20735,2,NA,NA,30,26,5561,0,NA,NA,27078,NA,NA,16877,1,NA,3243,3230,NA,26844,NA,NA,NA,18752,18018,162,NA,NA,1549,1529,1884,1809,NA,NA,NA,NA,NA,NA,NA,NA,NA,88,NA,NA
27079,70,NA,1157,1154,1996,1958,4165,4133,235,227,2,2,22096,20735,2,NA,NA,1,1,5010,0,4635,4621,27079,63,57,16878,1,NA,624,618,NA,26845,NA,NA,NA,18754,18020,110,NA,NA,2451,2412,8107,7900,NA,NA,NA,NA,1341,1338,NA,NA,NA,26,NA,NA
27080,1129,NA,NA,NA,NA,NA,NA,NA,300,287,2,2,22096,20735,2,NA,NA,0,0,486,0,NA,NA,27080,NA,NA,950,1,NA,NA,NA,NA,26846,NA,NA,NA,18758,18024,5,NA,NA,NA,NA,2289,2208,NA,NA,NA,NA,NA,NA,NA,NA,NA,2,NA,NA
27081,NA,NA,NA,NA,NA,NA,NA,NA,289,276,2,2,22096,20735,2,NA,NA,11,8,9219,0,4636,4622,27081,2,2,16879,1,NA,1760,1753,63,26847,NA,NA,NA,18759,18025,NA,NA,NA,2447,2408,4750,4606,NA,NA,NA,NA,NA,NA,NA,NA,NA,47,NA,NA
27082,124,NA,NA,NA,NA,NA,NA,NA,105,105,2,2,844,815,2,NA,NA,NA,NA,123,1,910,905,27082,NA,NA,10420,1,NA,112,112,NA,26848,NA,NA,NA,18071,9321,110,NA,NA,40,40,6578,6400,NA,NA,NA,NA,NA,NA,NA,NA,NA,97,NA,NA
27083,845,NA,NA,NA,NA,NA,NA,NA,NA,NA,NA,NA,844,815,2,NA,NA,NA,NA,864,0,NA,NA,27083,NA,NA,16880,1,NA,4,4,NA,26849,NA,NA,NA,NA,NA,NA,NA,NA,NA,NA,NA,NA,NA,NA,NA,NA,NA,NA,NA,NA,NA,NA,NA,NA
27084,642,NA,NA,NA,100,96,NA,NA,290,277,2,2,21505,1747,2,NA,NA,0,0,4279,0,1922,1913,27084,NA,NA,16881,1,NA,NA,NA,1,26850,NA,NA,NA,NA,NA,NA,NA,NA,NA,NA,NA,NA,NA,NA,NA,NA,NA,NA,NA,NA,NA,NA,NA,NA
27085,6975,NA,NA,NA,NA,NA,NA,NA,8,8,2,2,22096,20735,2,NA,NA,5,5,9220,0,4637,4623,27085,NA,NA,16882,1,NA,185,185,NA,26851,NA,NA,NA,18763,18029,5,NA,NA,695,682,8111,7904,NA,NA,NA,NA,NA,NA,NA,NA,NA,2,NA,NA
27086,NA,NA,NA,NA,NA,NA,NA,NA,NA,NA,NA,NA,NA,NA,NA,NA,NA,NA,NA,3449,1,NA,NA,27086,NA,NA,16883,1,NA,NA,NA,NA,26852,NA,NA,NA,NA,NA,NA,NA,NA,NA,NA,NA,NA,NA,NA,NA,NA,NA,NA,NA,NA,NA,NA,NA,NA
27087,NA,NA,NA,NA,NA,NA,NA,NA,NA,NA,NA,NA,NA,NA,NA,NA,NA,NA,NA,832,1,NA,NA,27087,NA,NA,16884,1,NA,NA,NA,NA,26853,NA,NA,NA,NA,NA,NA,NA,NA,NA,NA,NA,NA,NA,NA,NA,NA,NA,NA,NA,NA,NA,NA,NA,NA
27088,3415,NA,NA,NA,NA,NA,NA,NA,NA,NA,NA,NA,1297,1239,2,4762,4737,6,2,4672,1,NA,NA,27088,NA,NA,4700,1,NA,624,618,NA,26854,NA,NA,NA,18699,17968,NA,NA,NA,695,682,122,118,NA,NA,NA,NA,NA,NA,NA,NA,NA,2,NA,NA
27089,90,NA,NA,NA,NA,NA,NA,NA,235,227,2,2,22118,20755,2,NA,NA,20,15,3859,0,4638,4624,27089,NA,NA,16885,1,NA,185,185,NA,26855,NA,NA,NA,1618,1596,5,NA,NA,NA,NA,8113,7906,NA,NA,NA,NA,NA,NA,NA,NA,NA,2,NA,NA
27090,4303,NA,NA,NA,NA,NA,NA,NA,279,268,NA,NA,22096,20735,2,NA,NA,11,8,75,0,527,524,27090,NA,NA,9576,1,NA,185,185,NA,26856,NA,NA,4668,18767,18033,5,NA,NA,695,682,NA,NA,NA,NA,NA,NA,NA,NA,NA,NA,NA,2,NA,NA
27091,6976,NA,NA,NA,NA,NA,NA,NA,3057,2919,NA,NA,2719,2597,1,NA,NA,7,6,2154,0,4639,4625,27091,62,56,16886,1,NA,185,185,NA,26857,NA,NA,NA,2195,2157,94,NA,NA,2452,2413,8114,7907,NA,NA,NA,NA,NA,NA,NA,NA,NA,114,NA,NA
27092,391,NA,NA,NA,NA,NA,NA,NA,5609,5385,2,2,22096,20735,2,NA,NA,NA,NA,558,0,527,524,27092,NA,NA,16887,1,NA,185,185,NA,26858,NA,NA,4669,18699,17968,194,NA,NA,NA,NA,370,362,NA,NA,NA,NA,NA,NA,NA,NA,NA,86,NA,NA
27093,NA,NA,NA,NA,NA,NA,NA,NA,NA,NA,NA,NA,NA,NA,NA,NA,NA,NA,NA,7760,0,NA,NA,27093,NA,NA,4899,1,NA,NA,NA,NA,26859,NA,NA,NA,NA,NA,NA,NA,NA,NA,NA,NA,NA,NA,NA,NA,NA,NA,NA,NA,NA,NA,NA,NA,NA
27094,6813,NA,NA,NA,NA,NA,NA,NA,289,276,2,2,22096,20735,2,4763,4738,11,8,3451,0,4640,4626,27094,NA,NA,9338,1,NA,1201,1194,NA,26860,NA,NA,NA,18770,18035,NA,NA,NA,2453,2414,5244,5088,NA,NA,NA,NA,NA,NA,NA,NA,NA,2,NA,NA
27095,NA,NA,NA,NA,NA,NA,NA,NA,NA,NA,2,2,22096,20735,2,NA,NA,NA,NA,9221,0,NA,NA,27095,NA,NA,16888,1,NA,185,185,1760,26861,NA,NA,NA,NA,NA,NA,NA,NA,NA,NA,NA,NA,NA,NA,NA,NA,NA,NA,NA,NA,NA,NA,NA,NA
27096,860,NA,NA,NA,NA,NA,NA,NA,1342,1261,26,26,22096,20735,2,NA,NA,4,4,9222,0,1512,1506,27096,2,2,16889,1,NA,1365,1358,NA,26862,NA,NA,NA,18772,18037,24,NA,NA,1615,1593,122,118,NA,NA,NA,NA,NA,NA,NA,NA,NA,25,NA,NA
27097,NA,NA,NA,NA,NA,NA,NA,NA,2362,2256,3,3,22156,815,2,NA,NA,8,7,9223,1,118,118,27097,711,561,16890,1,NA,57,57,NA,26863,NA,NA,4671,18776,18041,5,434,434,49,49,8115,7908,NA,NA,249,249,1342,1339,NA,885,885,2,NA,NA
27098,NA,NA,NA,NA,1997,1959,NA,NA,3458,3315,8,8,3697,3527,2,NA,NA,36,32,172,1,4641,4627,27098,NA,NA,5341,1,NA,578,572,NA,26864,NA,NA,NA,6869,6679,5,NA,NA,825,809,NA,NA,NA,NA,NA,NA,NA,NA,NA,NA,NA,2,NA,NA
27099,229,NA,NA,NA,NA,NA,NA,NA,105,105,NA,NA,22096,20735,2,NA,NA,NA,NA,362,1,NA,NA,27099,NA,NA,16891,1,NA,NA,NA,NA,26865,NA,NA,NA,18695,17964,NA,NA,NA,NA,NA,NA,NA,NA,NA,NA,NA,NA,NA,NA,NA,NA,33,NA,NA
27100,6977,NA,NA,NA,NA,NA,NA,NA,NA,NA,NA,NA,NA,NA,NA,NA,NA,NA,NA,555,0,NA,NA,27100,NA,NA,176,1,NA,1736,1729,NA,26866,NA,NA,NA,NA,NA,NA,NA,NA,NA,NA,NA,NA,NA,NA,NA,NA,NA,NA,NA,NA,NA,NA,NA,NA
27101,360,NA,NA,NA,NA,NA,NA,NA,5026,4812,203,195,14072,13245,2,NA,NA,NA,NA,9224,1,4642,4628,27101,NA,NA,2788,1,NA,NA,NA,NA,26867,NA,NA,NA,18726,17964,NA,NA,NA,NA,NA,8116,7909,NA,NA,NA,NA,NA,NA,NA,NA,NA,NA,NA,NA
27102,766,NA,NA,NA,NA,NA,NA,NA,5615,5391,2,2,22096,20735,2,4776,4751,9,8,9225,0,4643,4629,27102,2,2,16892,1,NA,624,618,143,26868,NA,NA,4672,3915,3840,73,NA,NA,2447,2408,8117,7910,NA,NA,NA,NA,NA,NA,NA,NA,NA,79,NA,NA
27103,765,NA,NA,NA,NA,NA,NA,NA,NA,NA,NA,NA,844,815,2,NA,NA,7,6,60,0,4644,4630,27103,NA,NA,16893,1,NA,546,540,NA,26869,NA,NA,NA,8169,6679,79,NA,NA,NA,NA,NA,NA,NA,NA,NA,NA,NA,NA,NA,NA,NA,157,NA,NA
27104,NA,NA,NA,NA,NA,NA,NA,NA,NA,NA,NA,NA,NA,NA,NA,NA,NA,NA,NA,177,1,NA,NA,27104,NA,NA,16894,1,NA,NA,NA,NA,26870,NA,NA,NA,NA,NA,NA,NA,NA,NA,NA,NA,NA,NA,NA,NA,NA,NA,NA,NA,NA,NA,NA,NA,NA
27105,996,NA,NA,NA,NA,NA,NA,NA,NA,NA,NA,NA,NA,NA,NA,NA,NA,NA,NA,10,0,4640,4626,27105,NA,NA,49,1,NA,185,185,NA,26871,NA,NA,NA,NA,NA,NA,NA,NA,NA,NA,NA,NA,NA,NA,NA,NA,NA,NA,NA,NA,NA,NA,NA,NA
27106,1870,NA,NA,NA,NA,NA,NA,NA,NA,NA,NA,NA,NA,NA,NA,NA,NA,NA,NA,4484,1,NA,NA,27106,2,2,16895,1,NA,3244,3231,NA,26872,NA,NA,NA,NA,NA,NA,NA,NA,NA,NA,NA,NA,NA,NA,NA,NA,NA,NA,NA,NA,NA,NA,NA,NA
27107,NA,NA,NA,NA,NA,NA,NA,NA,NA,NA,NA,NA,NA,NA,NA,NA,NA,NA,NA,9226,1,NA,NA,27107,NA,NA,16896,1,NA,NA,NA,NA,26873,NA,NA,NA,NA,NA,NA,NA,NA,NA,NA,NA,NA,NA,NA,NA,NA,NA,NA,NA,NA,NA,NA,NA,NA
27108,1333,NA,NA,NA,NA,NA,NA,NA,5617,5393,2,2,22096,20735,2,NA,NA,17,15,450,0,4645,4631,27108,11,11,10733,1,NA,8,8,NA,26874,NA,NA,NA,18706,17974,NA,NA,NA,153,153,8118,7911,NA,NA,NA,NA,NA,NA,NA,NA,NA,2,NA,NA
27109,2220,NA,NA,NA,398,387,NA,NA,233,210,1401,1379,464,452,2,4784,4759,4,4,6605,1,1282,1276,27109,NA,NA,16897,1,NA,NA,NA,44,26875,NA,NA,4673,4941,4827,NA,NA,NA,40,40,481,468,NA,NA,NA,NA,NA,NA,NA,NA,NA,2,NA,NA
27110,3103,NA,1160,1157,291,282,4168,4136,20,20,2,2,22096,20735,2,4785,4760,11,8,9227,0,4646,4632,27110,65,59,16898,1,NA,3245,3232,NA,26876,NA,NA,NA,18699,17968,56,NA,NA,1615,1593,6606,6428,NA,NA,NA,NA,NA,NA,NA,NA,NA,34,NA,NA
27111,NA,NA,NA,NA,NA,NA,NA,NA,2047,1947,351,342,1143,1096,2,NA,NA,31,27,842,0,NA,NA,27111,NA,NA,16899,1,NA,NA,NA,NA,26877,29,157,NA,1771,1749,380,NA,NA,NA,NA,8122,7915,NA,NA,NA,NA,NA,NA,NA,NA,NA,202,NA,NA
27112,1894,NA,NA,NA,NA,NA,NA,NA,5621,5397,2,2,22096,20735,2,NA,NA,0,0,158,0,1745,1736,27112,NA,NA,16620,1,NA,70,70,NA,26878,NA,NA,NA,NA,NA,NA,NA,NA,NA,NA,NA,NA,NA,NA,NA,NA,NA,NA,NA,NA,NA,NA,NA,NA
27113,654,NA,NA,NA,NA,NA,NA,NA,4098,3933,33,32,22096,20735,2,NA,NA,0,0,6703,0,NA,NA,27113,29,25,943,1,NA,2554,2544,NA,18560,NA,NA,4676,18790,18055,NA,NA,NA,1989,1959,1385,1325,NA,NA,NA,NA,NA,NA,NA,NA,NA,3,NA,NA
27114,256,NA,NA,NA,NA,NA,NA,NA,60,60,NA,NA,7376,7014,1,NA,NA,47,43,1062,1,NA,NA,27114,NA,NA,2721,1,NA,3246,3233,1761,26879,NA,NA,NA,6869,6679,5,NA,NA,NA,NA,NA,NA,NA,NA,NA,NA,NA,NA,NA,NA,NA,2,NA,NA
27115,NA,NA,NA,NA,NA,NA,NA,NA,233,210,1403,1381,22096,20735,2,NA,NA,20,15,280,0,516,513,27115,NA,NA,9025,52,NA,185,185,NA,26880,NA,NA,4679,18695,17964,3,NA,NA,1615,1593,8128,7921,NA,NA,NA,NA,NA,NA,NA,NA,NA,35,NA,NA
27116,NA,NA,NA,NA,NA,NA,NA,NA,24,24,NA,NA,22105,20744,2,NA,NA,0,0,9228,0,635,632,27116,0,0,16900,1,NA,624,618,NA,26881,NA,NA,NA,18699,17968,NA,NA,NA,NA,NA,NA,NA,NA,NA,250,250,1343,1340,NA,886,886,NA,NA,NA
27117,NA,NA,NA,NA,NA,NA,NA,NA,NA,NA,NA,NA,NA,NA,NA,NA,NA,NA,NA,888,0,NA,NA,27117,NA,NA,16901,1,NA,NA,NA,NA,26882,NA,NA,NA,NA,NA,NA,NA,NA,NA,NA,NA,NA,NA,NA,NA,NA,NA,NA,NA,NA,NA,NA,NA,NA
27118,1046,NA,NA,NA,NA,NA,NA,NA,NA,NA,NA,NA,844,815,1,NA,NA,29,25,3478,0,767,762,27118,NA,NA,16902,1,NA,3247,3234,NA,26883,NA,NA,NA,18795,18060,NA,NA,NA,NA,NA,NA,NA,NA,NA,NA,NA,NA,NA,NA,NA,NA,NA,NA,NA
27119,811,NA,NA,NA,NA,NA,NA,NA,289,276,1405,1382,22096,20735,2,NA,NA,1,1,464,0,4647,4633,27119,NA,NA,1303,1,NA,624,618,NA,26884,NA,NA,NA,18796,18061,NA,NA,NA,2456,2417,NA,NA,NA,NA,NA,NA,NA,NA,NA,NA,NA,NA,NA,NA
27120,NA,NA,NA,NA,NA,NA,NA,NA,NA,NA,NA,NA,NA,NA,NA,NA,NA,NA,NA,9229,1,NA,NA,27120,NA,NA,937,1,NA,NA,NA,NA,26885,NA,NA,NA,NA,NA,NA,NA,NA,NA,NA,NA,NA,NA,NA,NA,NA,NA,NA,NA,NA,NA,NA,NA,NA
27121,NA,NA,NA,NA,NA,NA,NA,NA,NA,NA,2,2,4122,579,2,NA,NA,33,29,9230,0,1552,1544,27121,NA,NA,16903,1,NA,483,480,676,26886,NA,NA,NA,18799,18064,NA,NA,NA,NA,NA,NA,NA,NA,NA,NA,NA,NA,NA,NA,NA,NA,NA,NA,NA
27122,118,NA,NA,NA,NA,NA,NA,NA,233,210,2,2,22100,20739,2,NA,NA,6,2,9231,0,4648,4634,27122,152,124,16904,1,NA,624,618,63,26887,NA,NA,4680,18699,17968,5,NA,NA,2457,2418,114,110,NA,NA,NA,NA,NA,NA,NA,NA,NA,2,NA,NA
27123,NA,NA,NA,NA,NA,NA,NA,NA,NA,NA,NA,NA,NA,NA,NA,NA,NA,NA,NA,442,0,NA,NA,27123,NA,NA,5330,1,NA,NA,NA,1762,26888,NA,NA,NA,NA,NA,NA,NA,NA,NA,NA,NA,NA,NA,NA,NA,NA,NA,NA,NA,NA,NA,NA,NA,NA
27124,NA,NA,NA,NA,NA,NA,NA,NA,NA,NA,NA,NA,NA,NA,NA,NA,NA,NA,NA,5445,0,NA,NA,27124,NA,NA,16905,1,NA,NA,NA,NA,26889,NA,NA,NA,NA,NA,NA,NA,NA,NA,NA,NA,NA,NA,NA,NA,NA,NA,NA,NA,NA,NA,NA,NA,NA
27125,NA,NA,NA,NA,NA,NA,NA,NA,279,268,2,2,22096,20735,2,NA,NA,11,8,916,0,NA,NA,27125,NA,NA,16906,1,NA,185,185,NA,26890,NA,NA,NA,18801,18066,NA,NA,NA,NA,NA,NA,NA,NA,NA,NA,NA,NA,NA,NA,NA,NA,NA,NA,NA
27126,NA,NA,NA,NA,NA,NA,NA,NA,NA,NA,NA,NA,NA,NA,NA,NA,NA,NA,NA,2765,0,432,430,27126,NA,NA,1922,1,NA,624,618,NA,26891,NA,NA,NA,NA,NA,NA,NA,NA,NA,NA,NA,NA,NA,NA,NA,NA,NA,NA,NA,NA,NA,NA,NA,NA
27127,457,NA,NA,NA,NA,NA,NA,NA,233,210,2,2,22100,20739,2,NA,NA,11,8,3059,0,4649,4635,27127,NA,NA,16907,1,NA,1220,1213,NA,26892,NA,NA,NA,18802,18067,NA,NA,NA,695,682,1038,989,NA,NA,NA,NA,NA,NA,NA,NA,NA,27,NA,NA
27128,721,NA,NA,NA,NA,NA,NA,NA,NA,NA,NA,NA,22096,20735,1,4786,4761,6,2,7739,0,NA,NA,27128,NA,NA,3050,1,NA,624,618,NA,26893,NA,NA,NA,18699,17968,61,NA,NA,2447,2408,207,202,NA,NA,NA,NA,NA,NA,NA,NA,NA,34,NA,NA
27129,121,NA,NA,NA,NA,NA,NA,NA,74,74,2,2,9184,8702,1,NA,NA,8,7,2751,1,432,430,27129,53,48,16908,1,NA,185,185,NA,26894,NA,NA,NA,NA,NA,NA,NA,NA,NA,NA,NA,NA,NA,NA,NA,NA,NA,NA,NA,NA,NA,NA,NA,NA
27130,NA,NA,NA,NA,NA,NA,NA,NA,NA,NA,NA,NA,22096,20735,2,NA,NA,NA,NA,2070,0,214,214,27130,NA,NA,2938,1,NA,185,185,NA,26895,NA,NA,NA,8701,8436,NA,NA,NA,NA,NA,8130,7923,NA,NA,NA,NA,NA,NA,NA,NA,NA,2,NA,NA
27131,NA,NA,NA,NA,NA,NA,NA,NA,5628,5404,174,166,3551,3385,2,NA,NA,23,19,663,0,295,295,27131,NA,NA,16909,1,NA,1220,1213,NA,26896,NA,NA,NA,18806,18071,373,NA,NA,695,682,8134,7927,NA,NA,NA,NA,NA,NA,NA,NA,NA,283,NA,NA
27132,643,NA,NA,NA,NA,NA,NA,NA,5631,5407,8,8,3777,3605,2,NA,NA,19,16,615,1,4650,4636,27132,0,0,16910,1,NA,368,366,47,26897,NA,NA,4681,586,578,5,NA,NA,NA,NA,NA,NA,NA,NA,NA,NA,NA,NA,NA,NA,NA,5,NA,NA
27133,6978,NA,NA,NA,398,387,NA,NA,290,277,NA,NA,19181,18039,1,NA,NA,5,5,661,0,4651,4637,27133,2,2,16911,1,NA,64,64,NA,26898,NA,NA,NA,18809,18074,28,NA,NA,2458,2419,337,329,NA,NA,NA,NA,NA,NA,NA,NA,NA,127,NA,NA
27134,2474,NA,NA,NA,NA,NA,NA,NA,233,210,2,2,22118,20755,2,NA,NA,11,8,7739,0,4652,4638,27134,834,457,16912,6,NA,185,185,NA,26899,NA,NA,NA,NA,NA,NA,NA,NA,NA,NA,NA,NA,NA,NA,NA,NA,NA,NA,NA,NA,NA,NA,NA,NA
27135,88,NA,NA,NA,NA,NA,NA,NA,520,481,1406,1383,22096,20735,2,NA,NA,0,0,845,0,527,524,27135,11,11,16913,1,NA,185,185,NA,26900,NA,NA,4683,2697,2649,71,NA,NA,695,682,8137,7930,NA,NA,NA,NA,NA,NA,NA,NA,NA,119,NA,NA
27136,5251,NA,NA,NA,NA,NA,NA,NA,300,287,430,421,6777,6439,2,NA,NA,0,0,2116,0,4653,4639,27136,NA,NA,16914,1,NA,81,81,NA,26901,NA,NA,4687,18814,18079,168,NA,NA,2460,2421,480,467,NA,NA,NA,NA,NA,NA,NA,NA,NA,66,NA,NA
27137,NA,NA,NA,NA,NA,NA,NA,NA,NA,NA,NA,NA,NA,NA,NA,NA,NA,NA,NA,534,0,NA,NA,27137,NA,NA,16915,1,NA,NA,NA,291,26902,NA,NA,NA,NA,NA,NA,NA,NA,NA,NA,NA,NA,NA,NA,NA,NA,NA,NA,NA,NA,NA,NA,NA,NA
27138,6979,NA,NA,NA,NA,NA,NA,NA,129,128,2,2,22096,20735,2,NA,NA,8,7,542,0,4654,4640,27138,NA,NA,16916,1,NA,1222,1215,NA,26903,NA,NA,NA,NA,NA,NA,NA,NA,NA,NA,NA,NA,NA,NA,NA,NA,NA,NA,NA,NA,NA,NA,NA,NA
27139,4422,NA,NA,NA,NA,NA,NA,NA,129,128,2,2,22196,20825,2,NA,NA,1,1,2132,0,362,360,27139,NA,NA,16917,1,NA,624,618,NA,26904,NA,NA,4689,18699,17968,NA,NA,NA,1615,1593,845,812,NA,NA,NA,NA,NA,NA,NA,NA,NA,2,NA,NA
27140,2409,NA,NA,NA,NA,NA,NA,NA,NA,NA,2,2,22096,20735,2,4787,4762,0,0,141,0,NA,NA,27140,NA,NA,1983,1,NA,NA,NA,NA,26905,NA,NA,NA,NA,NA,NA,NA,NA,NA,NA,NA,NA,NA,NA,NA,NA,NA,NA,NA,NA,NA,NA,NA,NA
27141,NA,NA,NA,NA,NA,NA,NA,NA,NA,NA,NA,NA,NA,NA,NA,NA,NA,NA,NA,9232,1,NA,NA,27141,NA,NA,152,1,NA,NA,NA,1763,26906,NA,NA,NA,NA,NA,NA,NA,NA,NA,NA,NA,NA,NA,NA,NA,NA,NA,NA,NA,NA,NA,NA,NA,NA
27142,529,NA,NA,NA,NA,NA,NA,NA,233,210,1401,1379,22100,20739,2,NA,NA,6,2,113,0,1922,1913,27142,NA,NA,16918,1,NA,NA,NA,NA,26907,NA,NA,NA,18819,18084,21,NA,NA,1615,1593,8142,7935,NA,NA,NA,NA,NA,NA,NA,NA,NA,101,NA,NA
27143,3367,NA,NA,NA,NA,NA,NA,NA,233,210,NA,NA,22105,20744,2,NA,NA,20,15,433,0,4655,4641,27143,NA,NA,16788,1,NA,8,8,NA,26908,NA,NA,4693,18772,18037,17,NA,NA,695,682,122,118,NA,NA,NA,NA,NA,NA,NA,NA,NA,16,NA,NA
27144,NA,NA,NA,NA,NA,NA,NA,NA,NA,NA,NA,NA,NA,NA,NA,NA,NA,NA,NA,9233,0,767,762,27144,125,19,16919,1,NA,354,353,NA,26909,NA,NA,NA,NA,NA,NA,NA,NA,NA,NA,NA,NA,NA,NA,NA,NA,NA,NA,NA,NA,NA,NA,NA,NA
27145,NA,NA,NA,NA,NA,NA,NA,NA,NA,NA,NA,NA,NA,NA,NA,NA,NA,NA,NA,126,0,NA,NA,27145,NA,NA,16887,1,NA,NA,NA,NA,26910,NA,NA,NA,NA,NA,NA,NA,NA,NA,NA,NA,NA,NA,NA,NA,NA,NA,NA,NA,NA,NA,NA,NA,NA
27146,887,NA,NA,NA,NA,NA,NA,NA,105,105,NA,NA,22096,20735,2,NA,NA,9,8,9234,0,415,413,27146,11,11,16920,1,NA,624,618,NA,26911,NA,NA,NA,18823,18088,NA,NA,NA,NA,NA,8146,7938,NA,NA,NA,NA,NA,NA,NA,NA,NA,32,NA,NA
27147,1885,NA,NA,NA,NA,NA,NA,NA,5637,5413,314,306,22096,20735,2,4758,4733,11,8,9235,0,4656,4642,27147,NA,NA,16859,1,NA,185,185,NA,26912,NA,NA,NA,18826,18091,NA,NA,NA,695,682,28,27,NA,NA,NA,NA,NA,NA,NA,NA,NA,NA,NA,NA
27148,NA,NA,NA,NA,NA,NA,NA,NA,NA,NA,NA,NA,860,830,2,NA,NA,NA,NA,9236,0,24,24,27148,28,24,16921,1,NA,24,24,NA,26913,NA,NA,4696,18828,18093,5,NA,NA,9,9,728,704,NA,NA,NA,NA,NA,NA,NA,NA,NA,2,NA,NA
27149,1425,NA,NA,NA,NA,NA,NA,NA,5638,5414,681,671,22207,20835,2,NA,NA,1,1,749,0,4657,4643,27149,11,11,16922,0,NA,624,618,NA,26914,NA,NA,NA,18832,18097,46,NA,NA,1838,1813,192,188,NA,NA,NA,NA,NA,NA,NA,NA,NA,127,NA,NA
27150,4508,NA,NA,NA,NA,NA,NA,NA,233,210,33,32,22105,20744,2,NA,NA,1,1,9237,0,1512,1506,27150,800,157,16923,1,NA,3248,3235,NA,26915,NA,NA,NA,NA,NA,NA,NA,NA,NA,NA,NA,NA,NA,NA,NA,NA,NA,NA,NA,NA,NA,NA,NA,NA
27151,66,NA,NA,NA,NA,NA,NA,NA,1976,1876,2,2,22096,20735,2,NA,NA,4,4,1080,1,4658,4644,27151,NA,NA,2902,1,NA,185,185,NA,26916,NA,NA,NA,18835,18100,5,NA,NA,NA,NA,8150,7942,NA,NA,NA,NA,NA,NA,NA,NA,NA,2,NA,NA
27152,514,264,NA,NA,2003,1965,NA,NA,40,40,29,29,812,785,2,NA,NA,NA,NA,434,0,NA,NA,27152,NA,NA,16924,1,NA,154,154,NA,26917,NA,NA,NA,18837,18102,NA,NA,NA,NA,NA,NA,NA,NA,NA,NA,NA,NA,NA,NA,NA,NA,NA,NA,NA
27153,NA,NA,NA,NA,NA,NA,NA,NA,NA,NA,NA,NA,NA,NA,NA,NA,NA,NA,NA,446,0,NA,NA,27153,NA,NA,16925,1,NA,NA,NA,980,26918,NA,NA,NA,NA,NA,NA,NA,NA,NA,NA,NA,NA,NA,NA,NA,NA,NA,NA,NA,NA,NA,NA,NA,NA
27154,NA,NA,NA,NA,NA,NA,NA,NA,129,128,2,2,22096,20735,2,NA,NA,9,8,1010,0,NA,NA,27154,NA,NA,16926,1,NA,185,185,NA,26919,NA,NA,NA,18839,18104,NA,NA,NA,695,682,123,119,NA,NA,NA,NA,NA,NA,NA,NA,NA,2,NA,NA
27155,NA,NA,NA,NA,NA,NA,NA,NA,2492,2385,NA,NA,22100,20739,2,NA,NA,6,2,6222,0,915,910,27155,303,234,12590,1,NA,624,618,NA,26920,NA,NA,NA,18699,17968,NA,NA,NA,NA,NA,8151,7943,NA,NA,NA,NA,NA,NA,NA,NA,NA,2,NA,NA
27156,1854,NA,NA,NA,NA,NA,NA,NA,74,74,NA,NA,22096,20735,2,NA,NA,NA,NA,155,0,NA,NA,27156,17,11,16927,1,NA,1760,1753,NA,26921,NA,NA,NA,NA,NA,NA,NA,NA,NA,NA,NA,NA,NA,NA,NA,NA,NA,NA,NA,NA,NA,NA,NA,NA
27157,2114,NA,NA,NA,NA,NA,NA,NA,5640,5416,2,2,22096,20735,2,NA,NA,2,2,9238,0,611,608,27157,NA,NA,16928,1,NA,185,185,NA,26922,NA,NA,4698,18699,17968,5,NA,NA,1615,1593,8152,7944,486,14,NA,NA,1344,1341,5,NA,NA,2,NA,NA
27158,NA,NA,NA,NA,NA,NA,NA,NA,5641,5417,NA,NA,22096,20735,2,NA,NA,11,8,454,0,18,18,27158,NA,NA,16929,1,NA,3249,3236,NA,26923,NA,NA,NA,NA,NA,NA,NA,NA,NA,NA,NA,NA,NA,NA,NA,NA,NA,NA,NA,NA,NA,NA,NA,NA
27159,NA,NA,NA,NA,NA,NA,NA,NA,5642,5418,NA,NA,22096,20735,1,NA,NA,0,0,118,0,212,212,27159,NA,NA,16930,1,NA,3250,3237,NA,26924,NA,NA,NA,NA,NA,NA,NA,NA,NA,NA,NA,NA,NA,NA,NA,NA,NA,NA,NA,NA,NA,NA,NA,NA
27160,965,NA,NA,NA,404,393,NA,NA,74,74,2,2,22096,20735,2,NA,NA,0,0,1518,1,4659,4645,27160,NA,NA,16931,1,NA,1211,1204,NA,26925,NA,NA,NA,18810,18075,5,NA,NA,695,682,122,118,NA,NA,NA,NA,NA,NA,NA,NA,NA,262,NA,NA
27161,NA,NA,NA,NA,NA,NA,NA,NA,NA,NA,NA,NA,NA,NA,NA,NA,NA,NA,NA,454,0,NA,NA,27161,NA,NA,7416,1,NA,NA,NA,NA,26926,NA,NA,NA,NA,NA,NA,NA,NA,NA,NA,NA,NA,NA,NA,NA,NA,NA,NA,NA,NA,NA,NA,NA,NA
27162,NA,NA,NA,NA,NA,NA,NA,NA,NA,NA,NA,NA,NA,NA,NA,NA,NA,NA,NA,1698,0,NA,NA,27162,NA,NA,581,1,NA,NA,NA,NA,26927,NA,NA,NA,NA,NA,NA,NA,NA,NA,NA,NA,NA,NA,NA,NA,NA,NA,NA,NA,NA,NA,NA,NA,NA
27163,NA,NA,NA,NA,NA,NA,NA,NA,NA,NA,NA,NA,NA,NA,NA,NA,NA,NA,NA,177,1,NA,NA,27163,NA,NA,7402,1,NA,NA,NA,NA,26928,NA,NA,NA,NA,NA,NA,NA,NA,NA,NA,NA,NA,NA,NA,NA,NA,NA,NA,NA,NA,NA,NA,NA,NA
27164,NA,NA,NA,NA,NA,NA,NA,NA,NA,NA,NA,NA,NA,NA,NA,NA,NA,NA,NA,443,0,NA,NA,27164,NA,NA,8502,1,NA,NA,NA,NA,26929,NA,NA,NA,NA,NA,NA,NA,NA,NA,NA,NA,NA,NA,NA,NA,NA,NA,NA,NA,NA,NA,NA,NA,NA
27165,NA,NA,NA,NA,NA,NA,NA,NA,NA,NA,NA,NA,844,815,1,NA,NA,NA,NA,883,0,NA,NA,27165,NA,NA,6856,1,NA,NA,NA,NA,26930,NA,NA,NA,18841,18015,NA,NA,NA,NA,NA,8153,7945,NA,NA,NA,NA,NA,NA,NA,NA,NA,2,NA,NA
27166,1023,NA,NA,NA,NA,NA,NA,NA,1551,1466,497,488,1013,974,2,NA,NA,27,23,3473,0,738,733,27166,NA,NA,4964,1,NA,996,989,NA,26931,NA,NA,NA,18842,18106,5,NA,NA,2466,2427,8157,7949,NA,NA,NA,NA,NA,NA,NA,NA,NA,35,NA,NA
27167,426,NA,1161,1158,888,869,4169,4137,NA,NA,2,2,22096,20735,2,NA,NA,6,2,1651,0,924,919,27167,11,11,2080,1,NA,624,618,NA,26932,NA,NA,NA,2552,2507,65,NA,NA,NA,NA,8158,7950,NA,NA,NA,NA,NA,NA,NA,NA,NA,94,NA,NA
27168,NA,NA,NA,NA,NA,NA,NA,NA,NA,NA,NA,NA,NA,NA,NA,NA,NA,NA,NA,502,0,NA,NA,27168,NA,NA,16932,1,NA,NA,NA,NA,26933,NA,NA,NA,NA,NA,NA,NA,NA,NA,NA,NA,NA,NA,NA,NA,NA,NA,NA,NA,NA,NA,NA,NA,NA
27169,1289,NA,NA,NA,NA,NA,NA,NA,NA,NA,2,2,22096,20735,2,NA,NA,NA,NA,5436,0,NA,NA,27169,NA,NA,16933,1,NA,NA,NA,NA,26934,NA,NA,NA,NA,NA,NA,NA,NA,NA,NA,NA,NA,NA,NA,NA,NA,NA,NA,NA,NA,NA,NA,NA,NA
27170,6980,NA,NA,NA,NA,NA,NA,NA,NA,NA,2,2,22118,20755,2,NA,NA,9,8,9239,0,1415,1409,27170,NA,NA,16934,1,NA,624,618,NA,26935,NA,NA,NA,18844,18107,67,NA,NA,NA,NA,2852,2759,NA,NA,NA,NA,NA,NA,NA,NA,NA,146,NA,NA
27171,328,NA,NA,NA,NA,NA,NA,NA,NA,NA,NA,NA,22105,20744,2,NA,NA,4,4,174,1,3358,3345,27171,158,128,1945,20,NA,624,618,NA,26936,NA,NA,NA,18847,18110,NA,NA,NA,NA,NA,NA,NA,NA,NA,NA,NA,NA,NA,NA,NA,NA,2,NA,NA
27172,NA,NA,NA,NA,NA,NA,NA,NA,105,105,NA,NA,22096,20735,2,NA,NA,NA,NA,2158,1,NA,NA,27172,NA,NA,16935,1,NA,185,185,NA,26937,NA,NA,NA,18699,17968,NA,NA,NA,NA,NA,8159,7951,NA,NA,NA,NA,NA,NA,NA,NA,NA,58,NA,NA
27173,NA,NA,NA,NA,NA,NA,NA,NA,5643,5419,2,2,22100,20739,2,NA,NA,6,2,3662,0,4660,4646,27173,175,141,16936,1,NA,624,618,NA,26938,NA,NA,NA,18848,18111,65,NA,NA,2467,2428,8160,7952,NA,NA,NA,NA,NA,NA,NA,NA,NA,127,NA,NA
27174,NA,NA,NA,NA,NA,NA,NA,NA,NA,NA,NA,NA,NA,NA,NA,NA,NA,NA,NA,1286,1,NA,NA,27174,NA,NA,16937,1,NA,NA,NA,NA,26939,NA,NA,NA,NA,NA,NA,NA,NA,NA,NA,NA,NA,NA,NA,NA,NA,NA,NA,NA,NA,NA,NA,NA,NA
27175,704,NA,NA,NA,NA,NA,NA,NA,301,288,2,2,22096,20735,2,NA,NA,0,0,13,1,4661,4647,27175,2,2,8179,1,NA,185,185,NA,26940,NA,NA,4700,18850,18113,NA,NA,NA,695,682,8161,7953,487,NA,NA,NA,1345,1342,17,887,887,73,NA,NA
27176,NA,NA,NA,NA,NA,NA,NA,NA,NA,NA,NA,NA,NA,NA,NA,NA,NA,NA,NA,4415,1,NA,NA,27176,NA,NA,16938,1,NA,NA,NA,NA,26941,NA,NA,NA,NA,NA,NA,NA,NA,NA,NA,NA,NA,NA,NA,NA,NA,NA,NA,NA,NA,NA,NA,NA,NA
27177,NA,NA,NA,NA,NA,NA,NA,NA,NA,NA,NA,NA,NA,NA,NA,NA,NA,NA,NA,2097,0,NA,NA,27177,NA,NA,217,1,NA,NA,NA,166,26942,NA,NA,NA,NA,NA,NA,NA,NA,NA,NA,NA,NA,NA,NA,NA,NA,NA,NA,NA,NA,NA,NA,NA,NA
27178,6981,NA,NA,NA,NA,NA,NA,NA,NA,NA,NA,NA,15164,14279,2,NA,NA,26,22,9240,0,NA,NA,27178,NA,NA,1917,1,NA,453,451,NA,26943,NA,NA,NA,18726,17964,5,NA,NA,NA,NA,NA,NA,NA,NA,NA,NA,NA,NA,NA,NA,NA,2,NA,NA
27179,NA,NA,NA,NA,NA,NA,NA,NA,NA,NA,NA,NA,NA,NA,NA,NA,NA,NA,NA,5735,1,4662,4648,27179,NA,NA,4961,1,NA,NA,NA,1764,26944,NA,NA,NA,NA,NA,NA,NA,NA,NA,NA,NA,NA,NA,NA,NA,NA,NA,NA,NA,NA,NA,NA,NA,NA
27180,NA,NA,NA,NA,NA,NA,NA,NA,NA,NA,NA,NA,NA,NA,NA,NA,NA,NA,NA,9241,0,NA,NA,27180,NA,NA,16939,6,NA,NA,NA,NA,26945,NA,NA,NA,NA,NA,NA,NA,NA,NA,NA,NA,NA,NA,NA,NA,NA,NA,NA,NA,NA,NA,NA,NA,NA
27181,NA,NA,NA,NA,NA,NA,NA,NA,NA,NA,NA,NA,NA,NA,NA,NA,NA,NA,NA,9242,0,NA,NA,27181,NA,NA,10832,1,NA,NA,NA,201,26946,NA,NA,NA,NA,NA,NA,NA,NA,NA,NA,NA,NA,NA,NA,NA,NA,NA,NA,NA,NA,NA,NA,NA,NA
27182,NA,NA,NA,NA,NA,NA,NA,NA,NA,NA,NA,NA,NA,NA,NA,NA,NA,NA,NA,9243,1,NA,NA,27182,NA,NA,65,1,NA,NA,NA,NA,26947,NA,NA,NA,NA,NA,NA,NA,NA,NA,NA,NA,NA,NA,NA,NA,NA,NA,NA,NA,NA,NA,NA,NA,NA
27183,298,NA,NA,NA,NA,NA,NA,NA,5645,5421,2,2,22096,20735,2,NA,NA,0,0,78,0,4663,4649,27183,NA,NA,2150,1,NA,449,447,NA,26948,NA,NA,NA,18851,18114,16,NA,NA,165,165,8163,7955,NA,NA,NA,NA,NA,NA,NA,NA,NA,17,NA,NA
27184,NA,NA,NA,NA,NA,NA,NA,NA,NA,NA,NA,NA,NA,NA,NA,NA,NA,NA,NA,78,0,NA,NA,27184,NA,NA,532,1,NA,NA,NA,NA,26949,NA,NA,NA,NA,NA,NA,NA,NA,NA,NA,NA,NA,NA,NA,NA,NA,NA,NA,NA,NA,NA,NA,NA,NA
27185,NA,NA,NA,NA,NA,NA,NA,NA,NA,NA,29,29,1296,1238,2,NA,NA,NA,NA,9244,0,516,513,27185,NA,NA,16940,1,NA,1281,1274,NA,26950,NA,NA,NA,14665,7775,NA,NA,NA,NA,NA,NA,NA,NA,NA,NA,NA,NA,NA,NA,NA,NA,NA,NA,NA
27186,1945,NA,NA,NA,NA,NA,NA,NA,233,210,33,32,22096,20735,2,NA,NA,0,0,5958,0,4664,4650,27186,29,25,2279,1,NA,3251,3238,NA,26951,NA,NA,NA,NA,NA,NA,NA,NA,NA,NA,NA,NA,NA,NA,NA,NA,NA,NA,NA,NA,NA,NA,NA,NA
27187,1024,NA,NA,NA,242,233,NA,NA,233,210,2,2,22096,20735,2,NA,NA,0,0,8202,0,2307,2298,27187,NA,NA,16941,1,NA,1569,1562,NA,26952,NA,NA,NA,790,780,NA,NA,NA,NA,NA,NA,NA,NA,NA,NA,NA,NA,NA,NA,NA,NA,2,NA,NA
27188,NA,NA,NA,NA,NA,NA,NA,NA,NA,NA,NA,NA,NA,NA,NA,NA,NA,NA,NA,1744,1,NA,NA,27188,NA,NA,2279,1,NA,NA,NA,NA,26953,NA,NA,NA,NA,NA,NA,NA,NA,NA,NA,NA,NA,NA,NA,NA,NA,NA,NA,NA,NA,NA,NA,NA,NA
27189,5497,NA,NA,NA,NA,NA,NA,NA,159,156,2,2,844,815,2,NA,NA,29,25,1722,1,NA,NA,27189,NA,NA,6488,1,NA,546,540,1765,26954,NA,NA,4702,18856,18119,71,NA,NA,353,344,8165,7957,NA,NA,NA,NA,NA,NA,NA,NA,NA,41,NA,NA
27190,228,NA,NA,NA,NA,NA,NA,NA,NA,NA,2,2,22096,20735,2,NA,NA,11,8,454,0,2994,2984,27190,NA,NA,16942,1,NA,1270,1263,NA,26955,NA,NA,NA,18857,18120,NA,NA,NA,972,955,8166,7958,NA,NA,NA,NA,NA,NA,NA,NA,NA,54,NA,NA
27191,731,NA,NA,NA,NA,NA,NA,NA,233,210,587,578,20092,18888,2,NA,NA,38,34,9245,1,4665,4651,27191,NA,NA,16943,1,NA,3252,3239,NA,26956,NA,NA,NA,18858,18121,5,NA,NA,NA,NA,8167,665,NA,NA,NA,NA,NA,NA,NA,NA,NA,126,NA,NA
27192,NA,NA,NA,NA,NA,NA,NA,NA,289,276,2,2,844,815,2,4788,4763,29,25,44,1,4666,4652,27192,NA,NA,16944,1,NA,354,353,1766,26957,NA,NA,4703,18860,18123,114,NA,NA,69,69,1819,1745,NA,NA,NA,NA,NA,NA,NA,NA,NA,92,NA,NA
27193,587,NA,NA,NA,NA,NA,NA,NA,NA,NA,NA,NA,658,639,1,NA,NA,29,25,363,1,2645,2635,27193,NA,NA,16945,1,NA,185,185,NA,26958,NA,NA,NA,18702,17964,NA,NA,NA,NA,NA,NA,NA,NA,NA,NA,NA,NA,NA,NA,NA,NA,NA,NA,NA
27194,4278,NA,NA,NA,NA,NA,NA,NA,5647,5423,NA,NA,22096,20735,2,NA,NA,11,8,7739,0,2307,2298,27194,NA,NA,16946,1,NA,624,618,91,26959,NA,NA,NA,18861,18124,NA,NA,NA,2468,2429,8169,7960,NA,NA,NA,NA,NA,NA,NA,NA,NA,1,NA,NA
27195,1109,NA,NA,NA,NA,NA,NA,NA,NA,NA,NA,NA,NA,NA,NA,NA,NA,NA,NA,4976,0,505,502,27195,17,11,1926,1,NA,624,618,1767,26960,NA,NA,4705,243,242,5,NA,NA,2470,2431,3531,3423,NA,NA,NA,NA,NA,NA,NA,NA,NA,2,NA,NA
27196,3285,NA,NA,NA,NA,NA,NA,NA,NA,NA,2,2,22234,20860,2,NA,NA,NA,NA,9246,0,NA,NA,27196,NA,NA,16947,1,NA,NA,NA,NA,26961,NA,NA,NA,NA,NA,NA,NA,NA,NA,NA,NA,NA,NA,NA,NA,NA,NA,NA,NA,NA,NA,NA,NA,NA
27197,4096,NA,NA,NA,NA,NA,NA,NA,300,287,2,2,22096,20735,2,NA,NA,11,8,9239,0,2307,2298,27197,2,2,16948,1,NA,1569,1562,NA,26962,NA,NA,NA,18865,18127,NA,NA,NA,2471,2432,8171,7962,NA,NA,NA,NA,NA,NA,NA,NA,NA,NA,NA,NA
27198,NA,NA,NA,NA,NA,NA,NA,NA,NA,NA,NA,NA,22096,20735,2,4789,4764,8,7,2761,0,529,526,27198,NA,NA,4737,1,NA,185,185,NA,26963,NA,NA,NA,8087,7418,5,NA,NA,NA,NA,3361,3258,NA,NA,NA,NA,NA,NA,NA,NA,NA,2,NA,NA
27199,1433,NA,NA,NA,NA,NA,NA,NA,2199,2096,2,2,22096,20735,2,NA,NA,4,4,125,0,4667,4653,27199,NA,NA,16949,1,NA,2924,2911,NA,26964,NA,NA,NA,18868,16099,NA,NA,NA,2472,2433,8068,7862,NA,NA,NA,NA,NA,NA,NA,NA,NA,24,1636,1636
27200,NA,NA,NA,NA,NA,NA,NA,NA,NA,NA,NA,NA,NA,NA,NA,NA,NA,NA,NA,3599,0,NA,NA,27200,NA,NA,16950,1,NA,NA,NA,NA,26965,NA,NA,NA,NA,NA,NA,NA,NA,NA,NA,NA,NA,NA,NA,NA,NA,NA,NA,NA,NA,NA,NA,NA,NA
27201,1743,NA,NA,NA,NA,NA,NA,NA,35,35,12,12,22240,20865,1,NA,NA,23,19,9247,0,1060,1054,27201,NA,NA,945,1,NA,122,122,NA,26966,NA,NA,4707,18871,18132,68,NA,NA,157,157,8172,7963,NA,NA,NA,NA,NA,NA,NA,NA,NA,147,NA,NA
27202,NA,NA,NA,NA,NA,NA,NA,NA,5652,5428,2,2,22096,20735,2,NA,NA,4,4,842,0,4668,4654,27202,NA,NA,5211,1,NA,NA,NA,NA,26967,NA,NA,NA,18872,18133,NA,NA,NA,NA,NA,1175,1120,NA,NA,NA,NA,NA,NA,NA,NA,NA,2,NA,NA
27203,NA,NA,NA,NA,NA,NA,NA,NA,NA,NA,NA,NA,NA,NA,NA,NA,NA,NA,NA,463,1,NA,NA,27203,NA,NA,16951,1,NA,395,393,309,26968,NA,NA,NA,NA,NA,NA,NA,NA,NA,NA,NA,NA,NA,NA,NA,NA,NA,NA,NA,NA,NA,NA,NA,NA
27204,1115,NA,NA,NA,NA,NA,NA,NA,NA,NA,NA,NA,NA,NA,NA,NA,NA,NA,NA,449,0,NA,NA,27204,NA,NA,2818,1,NA,354,353,NA,26969,NA,NA,NA,NA,NA,NA,NA,NA,NA,NA,NA,NA,NA,NA,NA,NA,NA,NA,NA,NA,NA,NA,NA,NA
27205,NA,NA,NA,NA,NA,NA,NA,NA,630,580,352,343,4304,4107,2,NA,NA,42,38,565,1,NA,NA,27205,NA,NA,5877,1,NA,624,618,NA,26970,NA,NA,NA,18713,17981,5,NA,NA,NA,NA,8173,7964,NA,NA,NA,NA,NA,NA,NA,NA,NA,2,NA,NA
27206,3175,NA,NA,NA,NA,NA,NA,NA,5653,5429,NA,NA,22096,20735,2,NA,NA,9,8,5498,0,4669,4655,27206,NA,NA,49,1,NA,185,185,NA,26971,NA,NA,4709,18873,18134,114,NA,NA,695,682,1820,1746,NA,NA,NA,NA,NA,NA,NA,NA,NA,115,NA,NA
27207,NA,NA,NA,NA,194,190,NA,NA,105,105,NA,NA,22100,20739,2,NA,NA,17,15,2060,1,4670,4656,27207,NA,NA,2700,1,NA,185,185,NA,26972,NA,NA,NA,18699,17968,NA,NA,NA,695,682,8174,7965,NA,NA,NA,NA,1343,1340,12,888,888,39,NA,NA
27208,35,NA,NA,NA,NA,NA,NA,NA,289,276,2,2,844,815,2,NA,NA,29,25,118,0,4671,4657,27208,NA,NA,8870,1,NA,546,540,NA,26973,NA,NA,NA,18875,18135,103,NA,NA,353,344,8175,7966,NA,NA,NA,NA,NA,NA,NA,NA,NA,62,NA,NA
27209,945,NA,1162,1159,102,98,4170,4138,5656,5432,2,2,22105,20744,2,NA,NA,4,4,103,0,2994,2984,27209,40,35,16952,1,NA,970,963,NA,26974,NA,NA,NA,18880,18140,71,NA,NA,40,40,8178,7969,NA,NA,NA,NA,NA,NA,NA,NA,NA,70,1649,1649
27210,514,NA,NA,NA,NA,NA,NA,NA,7,7,2,2,22096,20735,2,NA,NA,2,2,555,0,3093,3083,27210,NA,NA,2398,1,NA,185,185,NA,26975,NA,NA,NA,18699,17968,NA,NA,NA,NA,NA,NA,NA,NA,NA,NA,NA,NA,NA,NA,NA,NA,NA,NA,NA
27211,NA,NA,NA,NA,NA,NA,NA,NA,68,68,NA,NA,2719,2597,1,NA,NA,38,34,558,0,4672,4658,27211,NA,NA,16953,1,NA,185,185,NA,26976,NA,NA,NA,NA,NA,NA,NA,NA,NA,NA,NA,NA,NA,NA,NA,NA,NA,NA,NA,NA,NA,NA,NA,NA
27212,553,NA,NA,NA,NA,NA,NA,NA,289,276,1350,1329,2006,1747,2,NA,NA,0,0,518,0,NA,NA,27212,2,2,16954,1,NA,NA,NA,NA,26977,NA,NA,4717,18695,17964,49,NA,NA,1615,1593,8182,7973,NA,NA,NA,NA,NA,NA,NA,NA,NA,163,1650,1650
27213,349,NA,NA,NA,NA,NA,NA,NA,105,105,2,2,844,815,2,NA,NA,29,25,113,0,735,730,27213,NA,NA,16955,1,NA,354,353,NA,26978,NA,NA,NA,254,239,NA,NA,NA,NA,NA,NA,NA,NA,NA,NA,NA,NA,NA,NA,NA,NA,NA,NA,NA
27214,237,NA,NA,NA,NA,NA,NA,NA,NA,NA,NA,NA,22251,20873,0,NA,NA,NA,NA,2170,1,NA,NA,27214,17,11,127,1,NA,624,618,NA,26979,NA,NA,NA,18699,17968,1,NA,NA,153,153,8183,7974,NA,NA,NA,NA,NA,NA,NA,NA,NA,35,NA,NA
27215,6982,NA,NA,NA,NA,NA,NA,NA,300,287,29,29,6917,6565,2,NA,NA,22,18,3473,0,1458,1452,27215,NA,NA,51,1,NA,8,8,556,26980,NA,NA,NA,18695,17964,NA,NA,NA,153,153,7194,7002,NA,NA,NA,NA,NA,NA,NA,NA,NA,24,NA,NA
27216,NA,NA,NA,NA,NA,NA,NA,NA,NA,NA,NA,NA,NA,NA,NA,NA,NA,NA,NA,1448,0,NA,NA,27216,NA,NA,5523,1,NA,470,468,NA,26981,NA,NA,NA,NA,NA,NA,NA,NA,NA,NA,NA,NA,NA,NA,NA,NA,NA,NA,NA,NA,NA,NA,NA,NA
27217,325,NA,NA,NA,NA,NA,NA,NA,105,105,NA,NA,22096,20735,2,NA,NA,19,16,9248,1,1318,1312,27217,68,61,11842,1,NA,2565,2555,NA,26982,NA,NA,NA,18890,2836,81,NA,NA,572,561,8185,7976,NA,NA,NA,NA,NA,NA,NA,NA,NA,124,NA,NA
27218,68,NA,NA,NA,NA,NA,NA,NA,NA,NA,NA,NA,22096,20735,2,NA,NA,1,1,9249,1,3921,3907,27218,NA,NA,16956,0,NA,NA,NA,143,26983,124,158,4718,16176,15551,5,NA,NA,1615,1593,NA,NA,NA,NA,NA,NA,NA,NA,NA,NA,NA,2,NA,NA
27219,4155,NA,NA,NA,NA,NA,NA,NA,235,227,2,2,22096,20735,2,NA,NA,9,8,3720,0,1834,1825,27219,2,2,2569,1,NA,3250,3237,NA,26984,NA,NA,4723,18896,18155,5,NA,NA,1615,1593,79,77,NA,NA,NA,NA,NA,NA,NA,NA,NA,56,NA,NA
27220,1178,NA,NA,NA,NA,NA,NA,NA,NA,NA,NA,NA,22199,20828,1,NA,NA,NA,NA,118,0,307,307,27220,NA,NA,16957,1,NA,624,618,NA,26985,NA,NA,NA,18898,18157,NA,NA,NA,NA,NA,NA,NA,NA,NA,NA,NA,NA,NA,NA,NA,NA,42,NA,NA
27221,339,NA,NA,NA,NA,NA,NA,NA,NA,NA,NA,NA,NA,NA,NA,NA,NA,NA,NA,395,0,NA,NA,27221,NA,NA,10795,1,NA,185,185,NA,26986,NA,NA,NA,NA,NA,NA,NA,NA,NA,NA,NA,NA,NA,NA,NA,NA,NA,NA,NA,NA,NA,NA,NA,NA
27222,1970,NA,NA,NA,NA,NA,NA,NA,23,23,231,223,3049,2897,2,NA,NA,17,15,6872,0,4673,4659,27222,2,2,16958,1,NA,381,379,NA,26987,NA,NA,NA,NA,NA,NA,NA,NA,NA,NA,NA,NA,NA,NA,NA,NA,NA,NA,NA,NA,NA,NA,NA,NA
27223,NA,NA,NA,NA,NA,NA,NA,NA,NA,NA,NA,NA,NA,NA,NA,NA,NA,NA,NA,3350,0,NA,NA,27223,NA,NA,16959,1,NA,NA,NA,NA,26988,NA,NA,NA,NA,NA,NA,NA,NA,NA,NA,NA,NA,NA,NA,NA,NA,NA,NA,NA,NA,NA,NA,NA,NA
27224,844,NA,NA,NA,NA,NA,NA,NA,279,268,43,41,22096,20735,2,NA,NA,4,4,9250,1,527,524,27224,NA,NA,16960,1,NA,185,185,1768,26989,NA,NA,NA,18899,18158,27,NA,NA,695,682,8190,7981,NA,NA,NA,NA,NA,NA,NA,NA,NA,35,NA,NA
27225,NA,NA,NA,NA,NA,NA,NA,NA,NA,NA,NA,NA,NA,NA,NA,NA,NA,NA,NA,864,0,NA,NA,27225,NA,NA,176,1,NA,546,540,NA,26990,NA,NA,NA,NA,NA,NA,NA,NA,NA,NA,NA,NA,NA,NA,NA,NA,NA,NA,NA,NA,NA,NA,NA,NA
27226,172,NA,NA,NA,NA,NA,NA,NA,5661,5437,2,2,844,815,2,4794,4769,38,34,7228,0,310,310,27226,2,2,16961,1,NA,3253,3240,NA,26991,NA,NA,NA,3270,3209,123,NA,NA,69,69,685,664,NA,NA,NA,NA,NA,NA,NA,NA,NA,142,NA,NA
27227,689,NA,NA,NA,NA,NA,NA,NA,NA,NA,NA,NA,22263,20883,2,NA,NA,NA,NA,123,1,1750,1741,27227,NA,NA,16962,1,NA,185,185,NA,26992,NA,NA,4724,18904,18163,NA,NA,NA,695,682,8193,7984,NA,NA,NA,NA,NA,NA,NA,NA,NA,2,NA,NA
27228,3377,NA,NA,NA,NA,NA,NA,NA,NA,NA,NA,NA,4304,4107,1,NA,NA,4,4,1698,0,1853,1844,27228,NA,NA,5592,1,NA,1286,1279,NA,26993,NA,NA,NA,NA,NA,NA,NA,NA,NA,NA,NA,NA,NA,NA,NA,NA,NA,NA,NA,NA,NA,NA,NA,NA
27229,52,NA,NA,NA,NA,NA,NA,NA,NA,NA,NA,NA,22105,20744,2,NA,NA,1,1,9251,0,303,303,27229,NA,NA,937,1,NA,624,618,NA,26994,NA,NA,NA,18905,18164,NA,NA,NA,1615,1593,123,119,NA,NA,NA,NA,NA,NA,NA,NA,NA,2,NA,NA
27230,3138,NA,NA,NA,NA,NA,NA,NA,5662,5438,2,2,22096,20735,2,NA,NA,19,16,9252,1,NA,NA,27230,NA,NA,4709,1,NA,185,185,NA,26995,NA,NA,NA,18906,18031,5,NA,NA,695,682,NA,NA,NA,NA,NA,NA,NA,NA,NA,NA,NA,126,NA,NA
27231,1012,NA,NA,NA,NA,NA,NA,NA,NA,NA,1409,1386,22096,20735,2,NA,NA,11,8,889,0,307,307,27231,417,84,2150,1,NA,185,185,NA,26996,NA,NA,NA,18909,18167,51,NA,NA,12,12,685,664,NA,NA,NA,NA,NA,NA,NA,NA,NA,205,NA,NA
27232,2062,NA,NA,NA,NA,NA,NA,NA,5663,5439,2,2,22096,20735,2,4798,4773,17,15,9253,0,4674,4660,27232,65,59,1869,1,NA,283,283,NA,26997,NA,NA,4727,18913,18171,114,NA,NA,56,56,504,489,490,33,NA,NA,1348,1345,113,NA,NA,76,NA,NA
27233,6983,NA,NA,NA,NA,NA,NA,NA,2451,2344,2,2,844,815,2,NA,NA,29,25,4004,0,4675,4661,27233,151,123,5486,1,NA,354,353,NA,26998,NA,NA,4728,254,239,NA,NA,NA,NA,NA,8195,7986,NA,NA,NA,NA,NA,NA,NA,NA,NA,78,NA,NA
27234,NA,NA,NA,NA,NA,NA,NA,NA,NA,NA,2,2,22096,20735,2,NA,NA,4,4,103,0,NA,NA,27234,NA,NA,16963,1,NA,185,185,NA,26999,NA,NA,NA,NA,NA,NA,NA,NA,NA,NA,NA,NA,NA,NA,NA,NA,NA,NA,NA,NA,NA,NA,NA,NA
27235,NA,NA,NA,NA,NA,NA,NA,NA,NA,NA,NA,NA,NA,NA,NA,NA,NA,NA,NA,33,0,NA,NA,27235,NA,NA,2149,1,NA,NA,NA,NA,27000,NA,NA,NA,NA,NA,NA,NA,NA,NA,NA,NA,NA,NA,NA,NA,NA,NA,NA,NA,NA,NA,NA,NA,NA
27236,1870,NA,NA,NA,NA,NA,NA,NA,NA,NA,2,2,22096,20735,2,NA,NA,0,0,2089,0,2721,2711,27236,0,0,2777,1,NA,185,185,NA,27001,NA,NA,NA,NA,NA,NA,NA,NA,NA,NA,NA,NA,NA,NA,NA,NA,NA,NA,NA,NA,NA,NA,NA,NA
27237,6984,NA,NA,NA,NA,NA,NA,NA,5664,4838,170,26,22275,20893,2,NA,NA,7,6,2042,1,NA,NA,27237,NA,NA,1935,1,NA,2092,2083,NA,27002,NA,NA,NA,18915,18173,NA,NA,NA,1869,1844,344,336,NA,NA,NA,NA,NA,NA,NA,NA,NA,2,NA,NA
